Player,Team,Exp_2.0,Starter,Exp_2.5,Exp_3.0
Keyonte George,UTA,58.69196826553653,1,71.05417798267072,83.74356250885096
Tyrese Maxey,PHI,53.94439954166269,1,63.535423078203024,73.11622897875111
Cade Cunningham,DET,47.02758176598887,1,54.425969077761515,61.874763274037406
Brandon Ingram,TOR,48.31808609317014,1,54.889157826291765,60.993739916811826
Paolo Banchero,ORL,50.614096067376465,1,56.12383316463236,60.84085730738765
Shai Gilgeous-Alexander,OKC,43.28720672592864,1,50.59360652374623,58.12622086570152
Miles Bridges,CHA,45.05252422733697,1,51.54564651400434,57.98481395421568
Deni Avdija,POR,42.74043881121571,1,49.35537742267726,55.80747374155824
Mikal Bridges,NYK,45.245305469494156,1,50.418322765517246,55.20321481038923
Desmond Bane,ORL,47.19915870636647,1,51.431097361176484,54.78850927683634
Anthony Davis,DAL,44.75726855395023,1,49.893371852248116,54.41545810266428
Pascal Siakam,IND,43.310815191018165,1,49.00111950156573,54.185470347794606
Anthony Black,ORL,46.14765442423225,1,50.002878776116084,52.967874408412634
James Harden,LAC,42.913679768750235,1,48.12311048379184,52.89263643789381
Josh Giddey,CHI,39.506660331887595,1,45.638713413014926,51.64958826139868
John Collins,LAC,41.894394496674856,1,46.69860344808262,51.01941302164004
Cameron Johnson,DEN,41.81419100537974,1,46.2754272928822,50.29645348389014
Michael Porter Jr.,BKN,39.85209347475541,1,44.82775410323156,49.58613902064266
Josh Hart,NYK,41.92896740641637,1,45.84206759513714,49.24649585655748
Devin Booker,PHX,39.23985221396233,1,44.145862650308686,48.85406031456195
Bennedict Mathurin,IND,40.346925184266176,1,44.84598924205844,48.71962927705089
Keegan Murray,SAC,38.999024789775305,1,43.75104901796558,48.39806520253531
Kevin Durant,HOU,39.87685840729683,1,44.33512325961845,48.33706548649859
Austin Reaves,LAL,38.76669036309158,0,43.62249615404708,48.15122444106763
Kevin Porter Jr.,MIL,38.24327601622855,1,43.14246262616206,47.85369453560338
Cam Spencer,MEM,39.739632881138185,1,43.80736237810751,47.496791704921314
Nikola Jokić,DEN,40.07539198118002,1,43.88266937913504,47.192010883459794
Bobby Portis,MIL,37.82335035637998,1,42.55112689173723,47.067684589154965
Anthony Edwards,MIN,39.20689549296078,1,43.36285702102249,46.94410645753121
Alperen Sengun,HOU,39.05911102381084,1,43.201586241884264,46.857855491828786
Scottie Barnes,TOR,40.44375783956008,1,43.94543724464128,46.708716184269946
Kawhi Leonard,LAC,39.42038850860648,1,43.27729628357582,46.567500846454394
Donovan Mitchell,CLE,37.87392043668037,1,42.23309107236911,46.53670371803591
Noah Clowney,BKN,38.08791598429294,1,42.36108436704164,46.330223890965684
Collin Gillespie,PHX,37.66502333971437,1,41.94243160732745,45.94274933732446
Naji Marshall,DAL,39.906203926831466,1,43.227877172383934,45.812875765653246
Donte DiVincenzo,MIN,38.2158385436913,1,41.99707671224827,45.175449717615024
Ace Bailey,UTA,38.59651826524755,1,42.07764630053175,44.65865253112847
Jaren Jackson Jr.,MEM,37.99311377240555,1,41.41411661460202,44.40029250181704
Cooper Flagg,DAL,38.87619596710866,1,41.837727814374226,44.05067542899612
DeMar DeRozan,SAC,36.56065479963773,1,40.35884632290712,43.9307206420597
Immanuel Quickley,TOR,38.65321261235515,1,41.52708126303346,43.641439976912686
Duncan Robinson,DET,37.21212314893064,1,40.61822336400097,43.55231592599539
Andrew Nembhard,IND,37.30881468768984,1,40.665383203968,43.32169972979058
Julius Randle,MIN,37.142273186878356,1,40.52755647977212,43.285268360219874
Jalen Williams,OKC,35.42390467208353,1,39.37918505126371,43.03059885977053
Derik Queen,NOP,34.48705930908062,1,38.80519093901924,42.94535476505608
Amen Thompson,HOU,36.250087804022506,1,39.353474175727065,41.895026650162684
P.J. Washington,DAL,37.55908986945859,0,40.073494150694295,41.83112241303883
Paul George,PHI,37.11882180503294,1,39.817656941879136,41.7335677348663
De'Aaron Fox,SAS,34.688329118269706,1,38.37839259600571,41.68690419679119
Kon Knueppel,CHA,35.86316989449752,1,38.75733635979571,41.18210912989878
Jamal Murray,DEN,36.582405488280735,1,39.15490172097101,41.158563030166874
Darius Garland,CLE,34.82020648896278,1,38.02040323605843,41.02345536142417
Rudy Gobert,MIN,35.81954566903011,1,38.731552996730365,40.993736380149606
LeBron James,LAL,34.614982969002796,1,37.86319507771745,40.62706327416953
Jake LaRavia,LAL,34.46526069188026,1,37.658590924377876,40.363758473522736
Joel Embiid,PHI,36.28628562249274,1,38.704469169430006,40.3374101843618
Stephon Castle,SAS,33.92139747748827,1,37.32069516185575,40.31207713346278
Saddiq Bey,NOP,32.745782113548096,1,36.37171919573766,39.73424821998837
Maxime Raynaud,SAC,33.68598845780212,1,36.43199099707711,38.852710562656405
Nickeil Alexander-Walker,ATL,33.960401166428404,1,36.55191039150691,38.80076227491927
Brandon Miller,CHA,34.31882220815923,1,36.682468103810514,38.550865871892114
Trae Young,ATL,33.72407449382482,1,36.234236574199336,38.396452393808
Jabari Smith Jr.,HOU,34.18134156835079,1,36.56647783198414,38.36034752300012
Matas Buzelis,CHI,32.35558095486168,1,35.55756375866381,38.28116880945396
Nic Claxton,BKN,33.30877424491813,1,35.8246016052534,37.88973429735776
Devin Vassell,SAS,32.50093969688385,1,35.37752546256867,37.806671994852884
Wendell Carter Jr.,ORL,36.64825465352157,1,37.48647373538006,37.48590862683323
Mitchell Robinson,NYK,34.748806650670076,1,36.24902724046472,37.15471418983581
Coby White,CHI,31.69018768353087,1,34.64587298592963,37.10638130109161
Dyson Daniels,ATL,32.666986955024896,0,34.82013210398739,36.605358006822826
Santi Aldama,MEM,33.29406896655471,1,35.113642678924904,36.42325976603434
Kyshawn George,WAS,30.042891435888915,1,33.15820394613044,36.02644361015736
Jalen Johnson,ATL,32.30404801744849,1,34.33722936798565,35.99701265697329
CJ McCollum,WAS,30.01478875631337,1,33.11943747951077,35.97590572488683
Nikola Vučević,CHI,31.032233721501672,1,33.749068595165824,35.95679237788973
Marcus Smart,LAL,31.89750122778681,1,34.184791446470825,35.93802788518815
Jaylen Wells,MEM,32.92528454454397,1,34.62814384998986,35.81977093799606
Karl-Anthony Towns,NYK,33.39666837091405,1,34.494544813783186,35.007314732338195
Myles Turner,MIL,31.03651183691951,1,33.23167281562408,34.9858314222203
Jerami Grant,POR,31.29181338516863,0,33.42521203545395,34.96069003419871
Bam Adebayo,MIA,28.695819266744877,1,31.33341565437264,33.80506345071905
Onyeka Okongwu,ATL,30.563260773318362,1,32.04008608514103,33.126882743389025
Ethan Thompson,IND,30.702505950229202,1,31.87335904128629,32.34067252132377
Ochai Agbaji,TOR,31.465388538508027,1,32.110035580375516,32.053121284476624
Bryce McGowens,NOP,28.336437071909092,1,30.356463347527406,31.98525465697922
Shaedon Sharpe,POR,29.358137048013226,1,30.86358518611144,31.77068939894418
Donovan Clingan,POR,29.28446045530179,1,30.766797282836766,31.651167836029586
Davion Mitchell,MIA,27.44680032350103,1,29.638014619922004,31.622150193401545
Ausar Thompson,DET,29.97908718216903,1,31.001904061511137,31.492866141434416
Chet Holmgren,OKC,28.745104652823006,1,30.328508550683402,31.454195784293695
Andrew Wiggins,MIA,27.25719632958636,1,29.382309719563228,31.295045431564223
Egor Dëmin,BKN,29.230105867073494,1,30.427834191191376,31.147928254143476
Bilal Coulibaly,WAS,27.185389162502005,1,29.263972558467565,31.01074010875014
Jeremiah Fears,NOP,27.7178551681611,1,29.53038752732761,30.94363862940345
Kris Dunn,LAC,29.904103080835934,1,30.638850805754245,30.76789271086591
Peyton Watson,DEN,30.117449080847916,1,30.705667662572516,30.745325273710876
Harrison Barnes,SAS,28.081058204968876,1,29.469610240040865,30.36300682219939
Dillon Brooks,PHX,28.438526112978064,1,29.51988487407535,30.141873736985016
Kyle Filipowski,UTA,29.681774078322853,1,30.302509487895477,30.117450399908137
Bub Carrington,WAS,26.343762108000767,0,28.135917561127524,29.581861107793376
Cedric Coward,MEM,28.97510019995156,0,29.51538652433609,29.570993695992154
Trey Murphy III,NOP,26.730802022857272,1,28.221793289469037,29.305553806560958
Sam Merrill,CLE,27.76069252668522,1,28.642796058938313,29.203215168913147
Luke Kornet,SAS,27.347697515010474,1,28.510741628167658,29.181373151354332
Royce O'Neale,PHX,27.699031376325355,1,28.56350720208222,28.97386905305957
Alex Sarr,WAS,25.706487653397428,1,27.28772095200042,28.514969578014785
Tobias Harris,DET,28.040674829448974,1,28.516809739077523,28.488348363397115
Kel'el Ware,MIA,25.505927263906187,1,27.041815817994,28.32797223851549
Sandro Mamukelashvili,TOR,28.841046647566245,1,28.79805683355339,28.12789317706587
Ryan Nembhard,DAL,28.700616410091044,1,28.63040010313698,27.94240379132812
Mark Williams,PHX,26.892778321333456,1,27.52804654162451,27.718078959897845
Tyler Kolek,NYK,27.938984350598247,1,27.598454112927396,26.786748778564164
Deandre Ayton,LAL,26.172708910161184,1,26.69610796068526,26.71112991541293
Russell Westbrook,SAC,26.131111306916395,1,26.52275517089487,26.54508982636425
Jaime Jaquez Jr.,MIA,24.234134998836055,0,25.36698534243184,26.235847456724734
Terance Mann,BKN,26.0291977295259,1,26.321402949756063,26.174280783851433
Jalen Duren,DET,26.25351659496021,1,26.26332554673707,25.80868078539494
Toumani Camara,POR,25.543055601611677,1,25.934436573850515,25.78357723918507
Jay Huff,IND,26.26271643752561,1,26.220146286860913,25.585727922449173
Dean Wade,CLE,25.346492673819363,1,25.563768799747177,25.47780637487844
Khris Middleton,WAS,23.716973701841376,1,24.673907254808547,25.26956162181067
Naz Reid,MIN,25.910406562366127,0,25.837923271739328,25.220212169425487
Jarrett Allen,CLE,25.12636422242184,1,25.286551424636254,25.14662472637141
Jared McCain,PHI,26.32019110791784,1,25.90861932513028,24.918838578024857
LaMelo Ball,CHA,25.42271275541694,1,25.209860540193883,24.579237752747932
Norman Powell,MIA,22.955008065670793,1,23.70452550984713,24.18633073941786
Jabari Walker,PHI,25.722740540956266,1,25.175581958588783,24.075210608706943
Collin Sexton,CHA,24.81160573292553,0,24.454662266262666,23.69833759113724
Kris Murray,POR,23.995734839772567,1,23.985751183158158,23.476588076853215
Zaccharie Risacher,ATL,24.238181597228703,1,23.97833974183472,23.395433270298884
Tyler Herro,MIA,22.32653493018462,0,22.89607883981105,23.199883379176896
Svi Mykhailiuk,UTA,24.913022578440113,1,24.344412820906687,23.15917334904327
Isaac Okoro,CHI,23.09942466500032,1,23.334416675667406,23.09208411287937
Kyle Kuzma,MIL,23.2813707351632,1,23.199133010598146,22.72980244300549
De'Andre Hunter,CLE,23.42079536775401,0,23.159521933031733,22.630163087586432
Jock Landale,MEM,24.03818212936612,0,23.369225460660264,22.345029429943033
Malik Monk,SAC,23.107548640760665,0,22.74383161774842,22.073855404214836
AJ Green,MIL,22.348108285074463,1,22.04255993617184,21.376863869305975
Bruce Brown,DEN,23.417743163086445,0,22.41956140892219,21.07994011163222
Isaiah Hartenstein,OKC,22.008627753041846,1,21.721378947822792,21.072797409507796
Luguentz Dort,OKC,21.77903978480516,1,21.438509915465712,20.743920381637263
Sion James,CHA,22.64535257966088,0,21.815588780356702,20.663515248386478
Spencer Jones,DEN,23.004769303693116,1,21.92644213574958,20.524786042793437
Oso Ighodaro,PHX,21.830957863788463,0,21.2115201153288,20.273036708666723
Cason Wallace,OKC,21.43416139484621,0,21.014995762636428,20.253145807077015
Josh Okogie,HOU,22.22587618452411,1,21.351105340177632,20.113479756952284
Ryan Rollins,MIL,21.355935278863694,0,20.82616556346743,19.969203147993476
Tim Hardaway Jr.,DEN,22.340102307061507,0,21.13743383705487,19.641721613840758
Isaiah Collier,UTA,22.26857930260552,0,21.15835576659145,19.571413246038198
Jaylon Tyson,CLE,21.127483152236568,0,20.360444068404444,19.389065174527282
Sidy Cissoko,POR,20.582671525969758,0,19.799897206137658,18.650329692253187
Zion Williamson,NOP,19.587776991141045,0,19.133792436208832,18.382715893470625
Julian Champagnie,SAS,19.618630463866495,0,18.823198126315287,17.730770273817843
Lonzo Ball,CLE,19.798230803050338,0,18.77199886884116,17.588337825243453
Isaiah Stewart,DET,19.895028926558844,0,18.56932341544986,17.02556142954322
Precious Achiuwa,SAC,19.2018810771961,1,18.044755675932574,16.72103065224418
Gary Trent Jr.,MIL,18.952897064251125,0,17.939303461754882,16.695377637528484
Moussa Diabaté,CHA,19.62103344069636,1,18.236665299334213,16.665501677857
Victor Wembanyama,SAS,18.5325170812315,0,17.529743693355453,16.278942390028025
Jordan Clarkson,NYK,19.63679964718194,0,17.760691662578488,15.783748297342491
Bogdan Bogdanović,LAC,18.87503179830714,0,17.237275005001784,15.428834438658836
Nick Smith Jr.,LAL,18.10292167235047,1,16.839257830032178,15.365342863029701
Mike Conley,MIN,18.378783345957626,1,16.819410394105866,15.0665054064375
Marvin Bagley III,WAS,16.781438492304954,0,16.01217469913765,15.04016421173326
Dennis Schröder,SAC,17.81131854140898,0,16.426361452028328,14.937966653766454
Brook Lopez,LAC,18.384653264276373,1,16.67931842369641,14.831488729506612
Danny Wolf,BKN,17.53050912636329,0,16.059285429906645,14.466896585854869
Tyus Jones,ORL,19.286840787189913,1,16.802903680631886,14.311321580138676
Vít Krejčí,ATL,17.35775869795927,0,15.796509168421608,14.17821344138762
Reed Sheppard,HOU,17.4427895079232,0,15.771270291683903,13.9837221667197
Jordan Goodwin,PHX,16.822709039783227,0,15.314425902321412,13.713664487855477
Jose Alvarado,NOP,15.455549875723172,0,14.229026755534795,12.884235083688802
Ayo Dosunmu,CHI,15.407992082853216,0,14.066240969900043,12.579994639081958
Ariel Hukporti,NYK,16.49261374780515,0,14.280169040963465,12.148937982330155
Dylan Harper,SAS,15.103425024546123,0,13.573812939546231,11.976715648555945
Steven Adams,HOU,15.419301960221357,0,13.518473115768908,11.622403444709905
Branden Carlson,OKC,14.672685509831906,0,13.085285342748032,11.470891136405559
Nicolas Batum,LAC,15.389954197366167,0,13.35536170779624,11.359456998589481
Kevin Love,UTA,15.408288619820889,1,13.352398428661486,11.264580638552792
Jamal Shead,TOR,15.62791174368714,0,13.388305098289454,11.219463848493296
Jericho Sims,MIL,14.363080998707902,0,12.68441912084723,11.014232899147604
Jarred Vanderbilt,LAL,14.354577365177537,0,12.600132702554824,10.849378548517647
Pelle Larsson,MIA,13.065161709799897,0,11.718659654268675,10.38546620872133
Caris LeVert,DET,14.152161664983492,0,12.130922770245803,10.214538533833121
Tre Jones,CHI,13.364759201574032,0,11.774620475541017,10.16255931792146
Justin Edwards,PHI,14.041690279623495,0,11.812918534136399,9.710091526053384
Adem Bona,PHI,14.016452440482572,0,11.786384555622288,9.683924635746369
Jaden Ivey,DET,13.591383058462581,0,11.533069988150109,9.613467418092915
Ryan Dunn,PHX,13.04568965521475,0,11.144603130853044,9.365051800833745
Dylan Cardwell,SAC,12.922788708005948,0,10.999339094847876,9.231701316102523
Kentavious Caldwell-Pope,MEM,12.999414685987746,0,10.837323550820301,8.886161380445985
Tristan Vukcevic,WAS,11.674633293888366,0,10.173441637323476,8.727174742364797
Nique Clifford,SAC,12.4384493795165,0,10.486464486370313,8.717596110541995
Corey Kispert,WAS,11.633342622237647,0,10.128484940207443,8.680916488852954
Ziaire Williams,BKN,12.286197364622183,0,10.298048076887762,8.48808684750874
Quenton Jackson,IND,12.52925388854867,0,10.396019054292033,8.430942454990877
Aaron Wiggins,OKC,11.872945226818837,0,10.042556099566438,8.349691715983697
Cole Anthony,MIL,11.931323474451911,0,10.059394652361672,8.339034514651848
Alex Caruso,OKC,11.778520569790093,0,9.94282091051269,8.250283297628963
Tari Eason,HOU,12.208440367394052,0,10.096526341605255,8.188213464401914
Jarace Walker,IND,12.160408220301589,0,10.014879945909861,8.06140131558066
Jamaree Bouyea,PHX,11.765353881932581,0,9.794607724277242,8.020789366030975
Luke Kennard,ATL,11.797568190288178,0,9.74843018811145,7.944558812730703
Brandon Williams,DAL,12.282548163227522,0,9.91000746481474,7.8227534278453685
Jett Howard,ORL,12.80082809543282,0,10.06596811506745,7.738293461630698
Justin Champagnie,WAS,10.737982480168233,0,9.163622749459721,7.698264635842808
Nikola Jović,MIA,10.68522617144519,0,9.114106590582102,7.681205631462145
Andre Drummond,PHI,11.834966840629884,0,9.53985511322143,7.513543540940943
Karlo Matković,NOP,10.731929419729278,0,9.01917636837222,7.455017385045724
Kenrich Williams,OKC,10.990046964154926,0,9.117916726484161,7.435874768358938
Keon Ellis,SAC,11.033683664969653,0,9.027592505451459,7.2832995550611495
Tyrese Martin,BKN,10.723920789899392,0,8.688104831004575,6.92171924102481
Keldon Johnson,SAS,10.473602155608516,0,8.589693077695284,6.91621813224408
Micah Peavy,NOP,10.145973150797916,0,8.407884859845842,6.852870294554397
Kevon Looney,NOP,10.105760887841353,0,8.366251050602216,6.812169980515326
Patrick Williams,CHI,10.185570978015104,0,8.384500967260328,6.761443998386732
Olivier-Maxence Prosper,MEM,10.782883597207373,0,8.578985584536305,6.713219917284972
James Wiseman,IND,10.716731313817363,0,8.551424833032266,6.669324119622189
Kobe Sanders,LAC,10.734260107147279,0,8.512833492853758,6.616978947632123
Tidjane Salaün,CHA,10.570992799188415,0,8.417590635228404,6.590361540760852
Dru Smith,MIA,9.579200038717529,0,7.950528662604632,6.520001215337666
Ben Saraf,BKN,10.26764368380148,0,8.228516453818413,6.484698170955088
Bones Hyland,MIN,10.449363338115202,0,8.303804345613337,6.459101959239814
Day'Ron Sharpe,BKN,9.68203337390747,0,7.646122906989248,5.937907749671609
Isaiah Joe,OKC,9.427475860294342,0,7.527321617567928,5.907801408993543
Thomas Bryant,CLE,9.547697234260484,0,7.543985399185493,5.890242601513729
Simone Fontecchio,MIA,8.885783749161922,0,7.237759183640284,5.825020021582751
Jevon Carter,CHI,9.166863001743868,0,7.349730605711172,5.772879567440134
Walter Clayton Jr.,UTA,9.730625348586031,0,7.516959604340013,5.653202578571251
Caleb Love,POR,9.250739459433003,0,7.2862877493488165,5.619511610194217
Malik Williams,ATL,9.31945114804686,0,7.259922518922805,5.577846316892765
Gary Harris,MIL,9.021761329644836,0,7.0929228931660075,5.483020145902745
Brice Sensabaugh,UTA,9.433328465015784,0,7.230985202534969,5.396110768721704
Kyle Anderson,UTA,9.16157709690622,0,6.971545686382138,5.164624867609014
T.J. McConnell,IND,8.967125270635778,0,6.843481550735395,5.10467580850434
Daniss Jenkins,DET,8.856145484945877,0,6.751826744002085,5.0565195778521295
Collin Murray-Boyles,TOR,9.16248789931052,0,6.868567662561449,5.036638718360604
Jaxson Hayes,LAL,8.31011500011675,0,6.362765220132179,4.778920412037577
Rob Dillingham,MIN,8.499787356749819,0,6.414678517526559,4.738593842856136
D'Angelo Russell,DAL,8.722587156342716,0,6.460558062016611,4.681606466287015
Robert Williams III,POR,8.177942803995327,0,6.245839823901602,4.670893893468655
Aaron Holiday,HOU,8.37244395607152,0,6.301037456825994,4.650260161512079
Noah Penda,ORL,9.075044327859459,0,6.548154419747852,4.619141113964512
Trey Jemison III,NYK,8.59255972356491,0,6.3208384065728405,4.568650354865848
Daniel Gafford,DAL,8.520102510694239,0,6.273637370660957,4.519539204002233
Kevin Huerter,CHI,7.746711224298183,0,5.955143122455007,4.484741718526671
Terrence Shannon Jr.,MIN,8.160964741522852,0,6.096656080589171,4.458098365892294
Oscar Tshiebwe,UTA,8.228228541374998,0,6.095357874212559,4.395850762101364
Maxi Kleber,LAL,7.828654920156725,0,5.905355456950427,4.369683405411063
Kasparas Jakučionis,MIA,7.285909807190237,0,5.647278331419897,4.324934145866879
Javonte Green,DET,7.959339379598412,0,5.908287775815069,4.30824223729392
DeAndre Jordan,NOP,7.424492222611254,0,5.690534564657879,4.289750996845454
Jalen Pickett,DEN,8.04082021805532,0,5.892793929634141,4.241332719969999
Cody Williams,UTA,8.011552062316467,0,5.895384035171685,4.223362991304843
Jase Richardson,ORL,8.474164657679585,0,6.0107559021415575,4.168055037048012
Tre Johnson,WAS,7.107524051115321,0,5.470937587758788,4.145589605717404
Keshad Johnson,MIA,7.016298841403038,0,5.387280051557425,4.087106273852081
Jordan Hawkins,NOP,7.18198326805405,0,5.459150987714922,4.081300123885901
Nae'Qwan Tomlin,CLE,7.427055469175062,0,5.511227961272242,4.041198895337177
Jordan Miller,LAC,7.601844567189709,0,5.530415070579923,3.9434837819129314
Kobe Brown,LAC,7.6018064318340715,0,5.530380390803945,3.9434541076740266
Gradey Dick,TOR,7.783400071170556,0,5.60158726095332,3.943435207914921
Javon Small,MEM,7.517845200391107,0,5.46555181045663,3.9081260918184118
Nolan Traore,BKN,7.314321256847803,0,5.385184595362027,3.898922747247107
Zach Collins,CHI,7.017619007366466,0,5.262992215610816,3.866749744815865
Johnny Furphy,IND,7.35624320603891,0,5.342944384026273,3.7929090517911215
Jalen Smith,CHI,6.739238661228739,0,5.0033287600100715,3.6389630099961185
Ja'Kobe Walter,TOR,7.243115784555203,0,5.119837745459292,3.5400453048105724
Adou Thiero,LAL,6.753421686065364,0,4.9095528705959754,3.5011043028133706
Eric Gordon,PHI,7.021572554523788,0,4.967363671918081,3.4335693300418026
Liam McNeeley,CHA,6.8378552371943115,0,4.8830700871929515,3.4285890045642113
Dalton Knecht,LAL,6.555271707642731,0,4.730156151592708,3.3481529804462182
Julian Phillips,CHI,6.350015037257601,0,4.644767043003808,3.3283080599099537
Dalen Terry,CHI,6.337124892019861,0,4.632984290971585,3.3181788095788782
Jaylen Clark,MIN,6.679964490717106,0,4.74659865747719,3.301403635845423
Jaden Hardy,DAL,6.862331159320384,1,4.786884812805992,3.266889433305248
Clint Capela,HOU,6.502760197650046,0,4.594295482442447,3.183064836787263
Brooks Barnhizer,OKC,6.21414296664815,0,4.470671267463937,3.161583129996512
Josh Green,CHA,6.465538444597526,0,4.553013657561115,3.1524094616683658
Malaki Branham,WAS,5.911054494107565,0,4.345052635823464,3.1441716282140906
Will Riley,WAS,5.9098532214373884,0,4.34394888597931,3.1432132165933178
Bronny James,LAL,6.24226600255355,0,4.449538259363073,3.11123384212457
Moussa Cisse,DAL,6.488665755197336,0,4.4633160545625055,3.0037240568694332
Jonas Valančiūnas,DEN,6.316656403861015,0,4.358177172776308,2.953130886694261
Chris Mañon,LAL,5.935608073182604,0,4.17800184331915,2.884809053730896
Tre Mann,CHA,5.910086241455736,0,4.0694465898033325,2.755029808414187
Garrison Mathews,IND,5.915110854997106,0,4.068311186504757,2.7348445301350046
Jeremy Sochan,SAS,5.6271351865576005,0,3.9510883485156993,2.7236769520499795
Yves Missi,NOP,5.42827780787431,0,3.8472215974376938,2.68179173267123
Nigel Hayes-Davis,PHX,5.6590905706274715,0,3.923413749428232,2.6756517470395997
Jalen Wilson,BKN,5.687264064786771,0,3.9319890288296593,2.673244446742689
Taylor Hendricks,UTA,5.8745138918189115,0,4.00019530590068,2.651803404103082
Andre Jackson Jr.,MIL,5.49923750602758,0,3.8202269813631013,2.60937535509767
Yang Hansen,POR,5.5312103774466745,0,3.8309896414583506,2.5981496607223353
Myron Gardner,MIA,5.060982843986754,0,3.5811955469753864,2.503837332486995
Khaman Maluach,PHX,5.1455918308971045,0,3.483573438453056,2.319864502261875
Kyle Lowry,PHI,5.3480988260231355,0,3.5345347182944318,2.282408495198156
Pacôme Dadiet,NYK,5.400584669113804,0,3.5373046288921395,2.27648740510305
Doug McDermott,SAC,4.981371605785085,0,3.3408537379487937,2.2093818954064552
Garrett Temple,TOR,5.284898332909716,0,3.452591600123596,2.2063562345169205
Caleb Houstan,ATL,4.917101471626937,0,3.264604154286478,2.1376903466833785
Hunter Sallis,PHI,5.025044463233032,0,3.2696996302396473,2.0787588091394777
Matisse Thybulle,POR,4.742906241305291,0,3.161123263357278,2.0630070295799534
Asa Newell,ATL,4.739672896473418,0,3.1180245369232322,2.0230359273840213
Caleb Martin,DAL,4.8753703771060515,0,3.1222876026007778,1.9563130373480775
GG Jackson,MEM,4.6489054999573645,1,2.9971307510064236,1.9004418094347717
Anthony Gill,WAS,4.2154492096766285,0,2.8475323338028655,1.8935404687880757
Tyrese Proctor,CLE,4.46506621105496,0,2.917510447556742,1.883766543317146
Joan Beringer,MIN,4.5697660254025365,0,2.953128027201732,1.868006319916552
Keaton Wallace,ATL,4.41147545495571,0,2.850518733871472,1.8165896724163972
Jonathan Mogbo,TOR,4.501067741131718,0,2.8248399701303626,1.7341793172281166
Dejounte Murray,NOP,3.9203021860751117,0,2.561350727272406,1.6459296395237575
Marcus Sasser,DET,4.183281909282617,0,2.644001986767466,1.6415732944377341
Jonathan Isaac,ORL,4.54613776646338,0,2.759695778497687,1.637766510110285
Cam Christie,LAC,4.097333950378396,0,2.5540870692800013,1.5604635342282924
Jae'Sean Tate,HOU,3.9236842139524954,0,2.4432297556076668,1.491900802547091
Jahmai Mashack,MEM,3.8509195155966687,0,2.368497029015333,1.4327656531177908
Carter Bryant,SAS,3.6240537321978357,0,2.279559015017867,1.407720758450325
Leonard Miller,MIN,3.6864650648086204,0,2.2577584325357307,1.353482292716793
Rasheer Fleming,PHX,3.575879705783029,0,2.2103417633678606,1.3439526575627905
Kelly Olynyk,SAS,3.4717997269947536,0,2.160483160869199,1.3199472320428467
Craig Porter Jr.,CLE,3.285977943453109,0,1.9886499599162297,1.1892747283286453
Lindy Waters III,SAS,3.174090435988802,0,1.9314420195281838,1.1538610603426591
AJ Johnson,WAS,3.01841001865927,0,1.8755844784806703,1.1472977723080036
Johnny Juzang,MIN,3.2799277309927684,0,1.9509456151225197,1.1358835405856818
Johni Broome,PHI,3.319710223403053,0,1.9474135701303394,1.1162063868089012
Christian Koloko,MEM,3.234628706087868,0,1.9045739389157843,1.1029736914240535
Dario Šarić,SAC,3.1261593658456475,0,1.866101142613022,1.098408917772938
Yanic Konan Niederhäuser,LAC,3.182529081373483,0,1.8624064694385072,1.0682186404626264
DaRon Holmes II,DEN,3.1686448944558037,0,1.8398727113856628,1.049209397161804
Amir Coffey,MIL,2.9537973367449695,0,1.7566568753661482,1.0271973325788117
Orlando Robinson,ORL,3.1348313366166334,0,1.734106207825467,0.9377981391392979
Paul Reed,DET,2.84965510664074,0,1.6362728987614121,0.9229390688743276
Duop Reath,POR,2.754063666554398,0,1.6023346568938222,0.9128404200989384
Mohamed Diawara,NYK,2.892118880603281,0,1.6204724959001766,0.8921303085950147
Jordan McLaughlin,SAS,2.640397505649458,0,1.5344198112004739,0.8754443482672932
Rayan Rupert,POR,2.6463233547060763,0,1.52436649108419,0.8598016276978812
Jamison Battle,TOR,2.6756054138977663,0,1.4744396315909418,0.7947925318336926
Jeff Green,HOU,2.4899962119473553,0,1.3838694049686193,0.7542180232408476
Pat Connaughton,CHA,2.4802828748004973,0,1.3745786634586237,0.7490096218943691
Chris Youngblood,OKC,2.3661189539747443,0,1.337186256311748,0.7428268722886943
Miles Kelly,DAL,2.4490006702008027,0,1.320381761731027,0.6964826204740829
Nick Richards,PHX,2.2194969363315002,0,1.217724352427076,0.6571907536298761
Javonte Cooke,POR,2.2033567734654858,0,1.2123884425306952,0.6532225008534505
Pete Nance,MIL,2.1213161021834392,0,1.1613625229586597,0.6251596277698144
Tosan Evbuomwan,NYK,2.1586116260061616,0,1.1241897677885209,0.5752622170395942
Taelon Peter,IND,2.080183041920863,0,1.1017612510517696,0.5703489388485146
JD Davison,HOU,2.0472909749924115,0,1.0834807878063628,0.5623001957239757
Damian Lillard,POR,1.8971264562549337,0,1.0055556419483744,0.5218892115988367
Jamal Cain,ORL,2.072965945837926,0,1.0340658081709757,0.5042853469068127
Hunter Tyson,DEN,1.8736403951439544,0,0.954011512384379,0.4770689775960445
Kevin McCullar Jr.,NYK,1.5679590654605309,0,0.753858591775835,0.35612803518935865
Curtis Jones,DEN,1.4244911477876323,0,0.6772835189415485,0.31625794677339897
Bismack Biyombo,SAS,1.194908990633618,0,0.5695424392207084,0.26651816585900173
Tony Bradley,IND,1.1759829895501626,0,0.540084675137581,0.24243195858532543
Kam Jones,IND,1.1671605144207975,0,0.5350246457286613,0.2397089174524341
Thanasis Antetokounmpo,MIL,1.0680128592382194,0,0.492528849237649,0.22333025599848866
Zeke Nnaji,DEN,0.9424881235633108,0,0.40414822154711894,0.17020238615406752
Julian Strawther,DEN,0.8811898258890725,0,0.37156316784395405,0.15387073426615988
Fred VanVleet,HOU,0.0,0,0.0,0.0
Ivica Zubac,LAC,0.0,0,0.0,0.0
Dorian Finney-Smith,HOU,0.0,0,0.0,0.0
Giannis Antetokounmpo,MIL,0.0,0,0.0,0.0
Emanuel Miller,CHI,0.0,0,0.0,0.0
Drew Timme,LAL,0.0,0,0.0,0.0
Mouhamed Gueye,ATL,0.0,0,0.0,0.0
Rui Hachimura,LAL,0.0,0,0.0,0.0
Gabe Vincent,LAL,0.0,0,0.0,0.0
Jalen Green,PHX,0.0,0,0.0,0.0
Isaiah Livers,PHX,0.0,0,0.0,0.0
Grayson Allen,PHX,0.0,0,0.0,0.0
Luka Dončić,LAL,0.0,0,0.0,0.0
Luke Travers,CLE,0.0,0,0.0,0.0
Hunter Dickinson,NOP,0.0,0,0.0,0.0
Max Strus,CLE,0.0,0,0.0,0.0
Ajay Mitchell,OKC,0.0,0,0.0,0.0
David Jones Garcia,SAS,0.0,0,0.0,0.0
Thomas Sorber,OKC,0.0,0,0.0,0.0
Jordan Poole,NOP,0.0,0,0.0,0.0
Miles McBride,NYK,0.0,0,0.0,0.0
Herbert Jones,NOP,0.0,0,0.0,0.0
Evan Mobley,CLE,0.0,0,0.0,0.0
Bradley Beal,LAC,0.0,0,0.0,0.0
Stanley Umude,SAS,0.0,0,0.0,0.0
Harrison Ingram,SAS,0.0,0,0.0,0.0
Jaylin Williams,OKC,0.0,0,0.0,0.0
Ousmane Dieng,OKC,0.0,0,0.0,0.0
Nikola Topić,OKC,0.0,0,0.0,0.0
Nikola Đurišić,ATL,0.0,0,0.0,0.0
N'Faly Dante,ATL,0.0,0,0.0,0.0
Noa Essengue,CHI,0.0,0,0.0,0.0
Eli John Ndiaye,ATL,0.0,0,0.0,0.0
Lachlan Olbrich,CHI,0.0,0,0.0,0.0
Larry Nance Jr.,CLE,0.0,0,0.0,0.0
Alex Antetokounmpo,MIL,0.0,0,0.0,0.0
Jamir Watkins,WAS,0.0,0,0.0,0.0
Isaac Jones,DET,0.0,0,0.0,0.0
Chris Paul,LAC,0.0,0,0.0,0.0
Tolu Smith,DET,0.0,0,0.0,0.0
Chaz Lanier,DET,0.0,0,0.0,0.0
Enrique Freeman,MIN,0.0,0,0.0,0.0
Rocco Zikarsky,MIN,0.0,0,0.0,0.0
Trey Alexander,NOP,0.0,0,0.0,0.0
Sharife Cooper,WAS,0.0,0,0.0,0.0
Derrick Jones Jr.,LAC,0.0,0,0.0,0.0
Cam Whitmore,WAS,0.0,0,0.0,0.0
Ja Morant,MEM,0.0,0,0.0,0.0
Chris Livingston,CLE,0.0,0,0.0,0.0
Tamar Bates,DEN,0.0,0,0.0,0.0
Brandon Clarke,MEM,0.0,0,0.0,0.0
Scotty Pippen Jr.,MEM,0.0,0,0.0,0.0
John Konchar,MEM,0.0,0,0.0,0.0
Ty Jerome,MEM,0.0,0,0.0,0.0
Georges Niang,UTA,0.0,0,0.0,0.0
Jaden McDaniels,MIN,0.0,0,0.0,0.0
Max Christie,DAL,0.0,0,0.0,0.0
Jusuf Nurkić,UTA,0.0,0,0.0,0.0
Koby Brea,PHX,0.0,0,0.0,0.0
Lauri Markkanen,UTA,0.0,0,0.0,0.0
Landry Shamet,NYK,0.0,0,0.0,0.0
Trentyn Flowers,CHI,0.0,0,0.0,0.0
Jalen Brunson,NYK,0.0,0,0.0,0.0
Guerschon Yabusele,NYK,0.0,0,0.0,0.0
OG Anunoby,NYK,0.0,0,0.0,0.0
Taurean Prince,MIL,0.0,0,0.0,0.0
Joe Ingles,MIN,0.0,0,0.0,0.0
Trendon Watford,PHI,0.0,0,0.0,0.0
Scoot Henderson,POR,0.0,0,0.0,0.0
Colin Castleton,ORL,0.0,0,0.0,0.0
Jalen Suggs,ORL,0.0,0,0.0,0.0
Franz Wagner,ORL,0.0,0,0.0,0.0
Goga Bitadze,ORL,0.0,0,0.0,0.0
Moritz Wagner,ORL,0.0,0,0.0,0.0
Aaron Nesmith,IND,0.0,0,0.0,0.0
Danté Exum,DAL,0.0,0,0.0,0.0
Tyrese Haliburton,IND,0.0,0,0.0,0.0
Obi Toppin,IND,0.0,0,0.0,0.0
Dwight Powell,DAL,0.0,0,0.0,0.0
Jrue Holiday,POR,0.0,0,0.0,0.0
John Tonje,UTA,0.0,0,0.0,0.0
Klay Thompson,DAL,0.0,0,0.0,0.0
Aaron Gordon,DEN,0.0,0,0.0,0.0
Walker Kessler,UTA,0.0,0,0.0,0.0
Vince Williams Jr.,MEM,0.0,0,0.0,0.0
Kristaps Porziņģis,ATL,0.0,0,0.0,0.0
Zach Edey,MEM,0.0,0,0.0,0.0
Elijah Harkless,UTA,0.0,0,0.0,0.0
Drake Powell,BKN,0.0,0,0.0,0.0
Dereck Lively II,DAL,0.0,0,0.0,0.0
Isaiah Jackson,IND,0.0,0,0.0,0.0
Christian Braun,DEN,0.0,0,0.0,0.0
Blake Wesley,POR,0.0,0,0.0,0.0
Chucky Hepburn,TOR,0.0,0,0.0,0.0
Kyrie Irving,DAL,0.0,0,0.0,0.0
Alijah Martin,TOR,0.0,0,0.0,0.0
VJ Edgecombe,PHI,0.0,0,0.0,0.0
Dominick Barlow,PHI,0.0,0,0.0,0.0
Tyson Etienne,BKN,0.0,0,0.0,0.0
Drew Eubanks,SAC,0.0,0,0.0,0.0
Domantas Sabonis,SAC,0.0,0,0.0,0.0
Cam Thomas,BKN,0.0,0,0.0,0.0
Zach LaVine,SAC,0.0,0,0.0,0.0
Quentin Grimes,PHI,0.0,0,0.0,0.0
Tristan da Silva,ORL,0.0,0,0.0,0.0
Kelly Oubre Jr.,PHI,0.0,0,0.0,0.0
Haywood Highsmith,BKN,0.0,0,0.0,0.0
Jahmir Young,MIA,0.0,0,0.0,0.0
E.J. Liddell,BKN,0.0,0,0.0,0.0
Vladislav Goldin,MIA,0.0,0,0.0,0.0
Jakob Poeltl,TOR,0.0,0,0.0,0.0
Terry Rozier,MIA,0.0,0,0.0,0.0
Mark Sears,MIL,0.0,0,0.0,0.0
RJ Barrett,TOR,0.0,0,0.0,0.0
Ben Sheppard,IND,0.0,0,0.0,0.0
Bobi Klintman,DET,0.0,0,0.0,0.0
Daeqwon Plowden,SAC,0.0,0,0.0,0.0
Wendell Moore Jr.,DET,0.0,0,0.0,0.0
A.J. Lawson,TOR,0.0,0,0.0,0.0
Ryan Kalkbrenner,CHA,0.0,0,0.0,0.0
Isaiah Stevens,SAC,0.0,0,0.0,0.0
Devin Carter,SAC,0.0,0,0.0,0.0
Ronald Holland II,DET,0.0,0,0.0,0.0
KJ Simpson,CHA,0.0,0,0.0,0.0
Antonio Reeves,CHA,0.0,0,0.0,0.0
Drew Peterson,CHA,0.0,0,0.0,0.0
Grant Williams,CHA,0.0,0,0.0,0.0
Mason Plumlee,CHA,0.0,0,0.0,0.0
Tyler Smith,HOU,0.0,0,0.0,0.0
RayJ Dennis,LAC,0.0,0,0.0,0.0
Isaiah Crawford,HOU,0.0,0,0.0,0.0
